guest,87215,2019.12.19 at 17:25
guest,86564,2019.12.19 at 17:25
guest,81942,2019.12.19 at 19:58
guest,80666,2019.12.19 at 22:54
guest,75816,2019.12.20 at 00:59
AAAAA,75249,2019.12.19 at 17:26
guest,67672,2019.12.19 at 20:01
guest,60979,2019.12.19 at 17:21
guest,51741,2019.12.19 at 19:58
guest,49853,2019.12.19 at 19:57
guest,45063,2019.12.19 at 17:41
guest,38909,2019.12.19 at 17:20
guest,34154,2019.12.19 at 19:58
guest,25040,2019.12.19 at 19:57
guest,6853,2019.12.19 at 19:57
guest,4999,2019.12.19 at 17:24
guest,4183,2019.12.19 at 17:17
guest,3501,2019.12.19 at 19:28
